,CoC Number,Coc,Year,permanent_housing,homeless,poverty,unemployment_rate,Population,Male,Female,White,Black or African American,American Indian and Alaska Native,Asian,Native Hawaiian and Other Pacific Islander,Two or More Races,Non Hispanic,Hispanic,Drug Deaths,Suicide Deaths
0,AZ-502,"Phoenix,Mesa/Maricopa",2007,2014.0,8448,3832171.0,3.2,60969,31121,29848,49894,3613,2261,1937,166,3098,33167,27802,575.0,568.0
1,AZ-502,"Phoenix,Mesa/Maricopa",2008,2523.0,7189,3903475.0,5.1,59600,30420,29180,48065,3766,2332,1985,146,3306,32312,27288,526.0,540.0
2,AZ-502,"Phoenix,Mesa/Maricopa",2009,2529.0,7889,3972331.0,8.9,52910,26919,25991,42087,3550,1949,1909,148,3267,28793,24117,566.0,524.0
3,AZ-502,"Phoenix,Mesa/Maricopa",2010,3013.0,6999,3772257.0,9.5,54424,27741,26683,43435,3559,2005,1982,149,3294,29386,25038,609.0,564.0
4,AZ-502,"Phoenix,Mesa/Maricopa",2011,3214.0,5831,3824961.0,8.5,3875371,1915659,1959712,3303462,212348,101821,149099,10314,98327,2724688,1150683,627.0,621.0
5,AZ-502,"Phoenix,Mesa/Maricopa",2012,4479.0,6485,3885344.0,7.3,3948165,1952336,1995829,3351785,220472,105117,156791,10637,103363,2769106,1179059,630.0,604.0
6,AZ-502,"Phoenix,Mesa/Maricopa",2013,4717.0,5889,3951626.0,6.6,4018657,1987399,2031258,3397404,228289,108668,164859,10929,108508,2811179,1207478,705.0,629.0
7,AZ-502,"Phoenix,Mesa/Maricopa",2014,5478.0,5918,4023019.0,5.8,4094842,2025225,2069617,3447471,236428,112536,173669,11236,113502,2856067,1238775,695.0,654.0
8,AZ-502,"Phoenix,Mesa/Maricopa",2015,5319.0,5631,4103850.0,5.1,4174423,2064762,2109661,3500088,246967,115750,181489,11526,118603,2901610,1272813,707.0,673.0
9,AZ-502,"Phoenix,Mesa/Maricopa",2016,5806.0,5702,4175417.0,4.7,4258019,2105955,2152064,3553696,258282,118860,191248,11887,124046,2950840,1307179,797.0,691.0
10,AZ-502,"Phoenix,Mesa/Maricopa",2017,6498.0,5605,4239908.0,4.3,4329227,2141309,2187918,3600583,268026,121644,197992,12267,128715,2989049,1340178,969.0,678.0
11,AZ-502,"Phoenix,Mesa/Maricopa",2018,7354.0,6298,4344976.0,4.1,4405306,2178372,2226934,3652219,278644,124643,203002,12601,134197,3032543,1372763,1079.0,737.0
12,AZ-502,"Phoenix,Mesa/Maricopa",2019,6641.0,6614,4416338.0,4.2,4492261,2220757,2271504,3710128,289834,128007,210900,13072,140320,3084002,1408259,1223.0,733.0
13,AZ-502,"Phoenix,Mesa/Maricopa",2020,6195.0,7419,4508350.0,7.2,4579081,2263436,2315645,3769382,300001,131225,218410,13547,146516,3135903,1443178,1616.0,716.0
14,AZ-502,"Phoenix,Mesa/Maricopa",2021,6205.0,3650,4431245.0,4.5,4496588,2235024,2261564,3686444,300365,132593,216046,13419,147721,3059887,1436701,1697.0,739.0
15,CA-500,San Jose/Santa Clara City & County,2007,1170.0,7202,1720787.0,4.6,25072,12834,12238,14215,613,174,7993,120,1957,15215,9857,141.0,144.0
16,CA-500,San Jose/Santa Clara City & County,2008,1462.0,7202,1736343.0,6.0,25041,12716,12325,13849,526,173,8353,121,2019,15259,9782,114.0,161.0
17,CA-500,San Jose/Santa Clara City & County,2009,1300.0,7086,1755841.0,11.0,23518,12028,11490,12712,604,361,7688,127,2026,14279,9239,115.0,153.0
18,CA-500,San Jose/Santa Clara City & County,2010,2106.0,7086,1760897.0,10.7,23797,12103,11694,12736,685,443,7657,134,2142,14523,9274,133.0,148.0
19,CA-500,San Jose/Santa Clara City & County,2011,2493.0,7067,1782850.0,9.5,1811891,909115,902776,1050830,52247,24725,604231,9129,70729,1326273,485618,144.0,164.0
20,CA-500,San Jose/Santa Clara City & County,2012,3183.0,7053,1811534.0,8.0,1837605,922963,914642,1054384,52754,24658,623565,9293,72951,1348826,488779,142.0,151.0
21,CA-500,San Jose/Santa Clara City & County,2013,3338.0,7631,1835157.0,6.6,1866050,937941,928109,1058324,53283,24696,645219,9526,75002,1373503,492547,152.0,152.0
22,CA-500,San Jose/Santa Clara City & County,2014,3683.0,7567,1867602.0,5.2,1891286,952164,939122,1059146,53839,24487,667164,9713,76937,1396692,494594,134.0,156.0
23,CA-500,San Jose/Santa Clara City & County,2015,2794.0,6556,1891080.0,4.2,1915736,965904,949832,1056665,53920,24105,692530,9826,78690,1420923,494813,141.0,156.0
24,CA-500,San Jose/Santa Clara City & County,2016,2822.0,6524,1893000.0,3.8,1928144,973172,954972,1046215,54155,23985,713885,9942,79962,1436290,491854,150.0,147.0
25,CA-500,San Jose/Santa Clara City & County,2017,4275.0,7394,1911659.0,3.2,1932251,977237,955014,1031579,54170,23515,732047,10134,80806,1444700,487551,157.0,142.0
26,CA-500,San Jose/Santa Clara City & County,2018,4220.0,7254,1911186.0,2.7,1931985,978478,953507,1015887,54495,23080,746466,10158,81899,1449244,482741,175.0,157.0
27,CA-500,San Jose/Santa Clara City & County,2019,3276.0,9706,1900407.0,2.5,1922411,974693,947718,996284,54176,22762,756911,10116,82162,1445642,476769,216.0,172.0
28,CA-500,San Jose/Santa Clara City & County,2020,3955.0,9605,1879500.0,7.2,1907105,967756,939349,974387,54392,22631,764100,9825,81770,1435519,471586,302.0,174.0
29,CA-500,San Jose/Santa Clara City & County,2021,4540.0,2301,1858937.0,4.7,1885508,960462,925046,952310,54190,22742,764874,9711,81681,1413990,471518,321.0,153.0
30,CA-501,San Francisco,2007,4995.0,5703,754436.0,4.2,8006,4097,3909,4493,523,25,1984,36,945,6461,1545,186.0,112.0
31,CA-501,San Francisco,2008,5233.0,5171,797587.0,5.3,8029,4156,3873,4485,473,19,2009,36,1007,6499,1530,173.0,93.0
32,CA-501,San Francisco,2009,6043.0,5823,803979.0,9.1,7950,4059,3891,4397,470,70,1929,41,1043,6354,1596,172.0,97.0
33,CA-501,San Francisco,2010,6710.0,5823,789928.0,9.1,7797,3998,3799,4357,454,75,1885,43,983,6148,1649,170.0,96.0
34,CA-501,San Francisco,2011,6998.0,5669,797283.0,8.2,815694,413972,401722,444016,50460,6987,277592,3854,32785,691664,124030,194.0,103.0
35,CA-501,San Francisco,2012,7588.0,5895,810697.0,6.9,828963,421351,407612,450976,49806,7003,283417,3873,33888,702373,126590,136.0,73.0
36,CA-501,San Francisco,2013,6637.0,7008,822030.0,5.5,839695,427517,412178,455071,49566,6945,289271,3878,34964,711522,128173,130.0,72.0
37,CA-501,San Francisco,2014,6843.0,6408,837036.0,4.4,850918,433889,417029,459449,49126,6821,295514,3928,36080,721422,129496,164.0,71.0
38,CA-501,San Francisco,2015,7051.0,6775,849842.0,3.7,863237,440483,422754,464234,48854,6773,302252,3893,37231,732114,131123,196.0,98.0
39,CA-501,San Francisco,2016,7599.0,6996,855884.0,3.3,871343,444435,426908,465996,48653,6653,307834,3893,38314,739017,132326,186.0,114.0
40,CA-501,San Francisco,2017,8254.0,6858,868690.0,2.9,877471,447894,429577,466216,48818,6660,312407,3963,39407,744310,133161,184.0,101.0
41,CA-501,San Francisco,2018,9556.0,6857,867735.0,2.4,879676,448829,430847,465246,48759,6569,314701,3972,40429,746107,133569,237.0,78.0
42,CA-501,San Francisco,2019,10797.0,8035,865424.0,2.2,878826,448152,430674,461967,48579,6526,316685,4004,41065,745518,133308,402.0,90.0
43,CA-501,San Francisco,2020,10051.0,8124,849348.0,8.0,866606,441638,424968,451167,48069,6357,316220,3942,40851,734641,131965,547.0,77.0
44,CA-501,San Francisco,2021,10292.0,4000,798372.0,5.0,815201,416907,398294,416171,46164,6221,303648,3817,39180,687171,128030,554.0,76.0
45,CA-600,Los Angeles City & County,2007,6870.0,47862,9717419.0,5.1,138666,71107,67559,106573,11717,572,12854,334,6616,51221,87445,755.0,687.0
46,CA-600,Los Angeles City & County,2008,8077.0,47862,9705821.0,7.5,139245,71512,67733,105716,11794,642,13681,361,7051,52122,87123,707.0,810.0
47,CA-600,Los Angeles City & County,2009,16445.0,33243,9690311.0,11.7,129807,66553,63254,96320,11809,1852,12577,501,6748,47745,82062,770.0,787.0
48,CA-600,Los Angeles City & County,2010,17008.0,33243,9675347.0,12.6,128445,65830,62615,94279,11770,2232,12542,547,7075,47331,81114,700.0,809.0
49,CA-600,Los Angeles City & County,2011,17115.0,34622,9735899.0,12.2,9873700,4863389,5010311,7081018,920197,146065,1416260,36619,273541,5140614,4733086,684.0,778.0
50,CA-600,Los Angeles City & County,2012,20802.0,31553,9810434.0,11.0,9931394,4891478,5039916,7105521,922746,146790,1438650,36904,280783,5162623,4768771,682.0,769.0
51,CA-600,Los Angeles City & County,2013,11867.0,35524,9858931.0,9.8,9987189,4919940,5067249,7125720,924836,146864,1464161,37104,288504,5186468,4800721,815.0,798.0
52,CA-600,Los Angeles City & County,2014,14749.0,34393,9958684.0,8.2,10033449,4943255,5090194,7139021,924099,146972,1490142,37140,296075,5206532,4826917,735.0,818.0
53,CA-600,Los Angeles City & County,2015,17072.0,41174,10011595.0,6.7,10077263,4965853,5111410,7149831,921256,146875,1518807,37245,303249,5226971,4850292,732.0,823.0
54,CA-600,Los Angeles City & County,2016,20707.0,43854,9981948.0,5.3,10094865,4975091,5119774,7147727,916573,146823,1537542,37245,308955,5228937,4865928,821.0,843.0
55,CA-600,Los Angeles City & County,2017,20635.0,52442,10007071.0,4.8,10092365,4975410,5116955,7127094,912145,146663,1555006,36979,314478,5224186,4868179,917.0,891.0
56,CA-600,Los Angeles City & County,2018,22283.0,49955,9951338.0,4.6,10061533,4960497,5101036,7092590,906318,145912,1560645,36752,319316,5202600,4858933,988.0,947.0
57,CA-600,Los Angeles City & County,2019,21963.0,56257,9874732.0,4.4,10011602,4935416,5076186,7044004,900628,146210,1561422,36698,322640,5170149,4841453,1267.0,865.0
58,CA-600,Los Angeles City & County,2020,24713.0,63706,9778777.0,12.3,9943046,4901414,5041632,6981210,895268,146590,1558134,36483,325361,5120820,4822226,2021.0,853.0
59,CA-600,Los Angeles City & County,2021,26401.0,17225,9671086.0,8.9,9829544,4870802,4958742,6901193,881356,146475,1538016,36203,326301,5004555,4824989,2322.0,830.0
60,CA-601,San Diego City and County,2007,758.0,7326,2879876.0,4.5,42780,21716,21064,32201,2800,383,3530,256,3610,23373,19407,357.0,362.0
61,CA-601,San Diego City and County,2008,685.0,8455,2903274.0,6.1,42895,21762,21133,32049,2754,369,3699,251,3773,23931,18964,361.0,365.0
62,CA-601,San Diego City and County,2009,771.0,7995,2973267.0,9.8,40907,20960,19947,30032,2627,579,3695,242,3732,22328,18579,368.0,368.0
63,CA-601,San Diego City and County,2010,847.0,8383,3013705.0,11.0,40806,20808,19998,29627,2598,641,3777,246,3917,22136,18670,367.0,355.0
64,CA-601,San Diego City and County,2011,1644.0,9436,3048226.0,10.5,3137236,1573485,1563751,2414065,174309,41460,360129,18649,128624,2121963,1015273,415.0,386.0
65,CA-601,San Diego City and County,2012,2421.0,10013,3086106.0,9.3,3175148,1595040,1580108,2436763,176681,41909,368407,18747,132641,2141441,1033707,424.0,409.0
66,CA-601,San Diego City and County,2013,2503.0,8879,3121289.0,7.9,3210788,1612489,1598299,2456428,177918,42296,378194,19200,136752,2158136,1052652,428.0,431.0
67,CA-601,San Diego City and County,2014,3296.0,8506,3168867.0,6.5,3249307,1633854,1615453,2477623,179750,42918,388566,19364,141086,2178056,1071251,419.0,421.0
68,CA-601,San Diego City and County,2015,3501.0,8742,3203252.0,5.2,3280825,1651891,1628934,2493142,181481,43338,398000,19547,145317,2192287,1088538,419.0,411.0
69,CA-601,San Diego City and County,2016,4038.0,8669,3222062.0,4.7,3305462,1664812,1640650,2504913,182866,43587,405591,19653,148852,2199946,1105516,434.0,415.0
70,CA-601,San Diego City and County,2017,4696.0,9160,3243699.0,4.0,3319019,1671454,1647565,2507045,183879,43810,412297,19758,152230,2201080,1117939,483.0,432.0
71,CA-601,San Diego City and County,2018,5260.0,8576,3246211.0,3.4,3332483,1679402,1653081,2509352,184958,43989,418513,19867,155804,2204476,1128007,481.0,448.0
72,CA-601,San Diego City and County,2019,5019.0,8102,3238918.0,3.3,3330459,1677056,1653403,2500540,184615,44335,422456,19907,158606,2194969,1135490,483.0,427.0
73,CA-601,San Diego City and County,2020,5840.0,7638,3229422.0,9.5,3332427,1679841,1652586,2493970,184912,44649,427698,19979,161219,2188051,1144376,760.0,404.0
74,CA-601,San Diego City and County,2021,7346.0,4143,3186735.0,6.5,3286069,1664962,1621107,2452765,183071,44454,423890,19816,162073,2140886,1145183,980.0,357.0
75,CA-609,San Bernardino City & County,2007,261.0,6969,1958155.0,5.5,33188,16852,16336,26257,3292,272,1495,110,1762,13082,20106,69.0,161.0
76,CA-609,San Bernardino City & County,2008,122.0,6969,1965024.0,8.1,33399,17138,16261,26225,3374,324,1532,118,1826,13020,20379,109.0,203.0
77,CA-609,San Bernardino City & County,2009,157.0,2026,1966861.0,13.2,31176,15897,15279,23797,3203,598,1563,142,1873,11767,19409,137.0,241.0
78,CA-609,San Bernardino City & County,2010,194.0,2026,2000388.0,13.9,30515,15505,15010,22928,3145,654,1619,151,2018,11449,19066,134.0,214.0
79,CA-609,San Bernardino City & County,2011,323.0,2825,2023785.0,13.1,2060596,1024113,1036483,1601249,198977,41652,142164,9245,67309,1031170,1029426,111.0,200.0
80,CA-609,San Bernardino City & County,2012,401.0,2532,2040274.0,11.6,2073088,1031405,1041683,1609437,199713,41776,144115,9437,68610,1025831,1047257,127.0,224.0
81,CA-609,San Bernardino City & County,2013,454.0,2321,2047526.0,9.9,2082101,1035311,1046790,1613303,199421,42270,147268,9513,70326,1019022,1063079,125.0,203.0
82,CA-609,San Bernardino City & County,2014,684.0,2315,2071080.0,8.1,2098346,1044094,1054252,1621862,200969,42727,151294,9629,71865,1015963,1082383,124.0,195.0
83,CA-609,San Bernardino City & County,2015,1087.0,2149,2087881.0,6.5,2114352,1052246,1062106,1629743,201939,43245,156130,9796,73499,1012126,1102226,102.0,214.0
84,CA-609,San Bernardino City & County,2016,1098.0,1887,2101567.0,5.8,2130726,1060292,1070434,1637763,202604,44037,161074,10016,75232,1008452,1122274,94.0,229.0
85,CA-609,San Bernardino City & County,2017,1410.0,1866,2118139.0,5.0,2149847,1070072,1079775,1646404,203818,44771,167278,10388,77188,1005987,1143860,197.0,227.0
86,CA-609,San Bernardino City & County,2018,1349.0,2118,2133532.0,4.1,2165627,1078174,1087453,1652360,205121,45458,173334,10544,78810,1001229,1164398,278.0,237.0
87,CA-609,San Bernardino City & County,2019,1528.0,2607,2139699.0,3.9,2177279,1083953,1093326,1656335,205695,46214,178370,10681,79984,994240,1183039,252.0,236.0
88,CA-609,San Bernardino City & County,2020,1603.0,3125,2147438.0,9.7,2189183,1090578,1098605,1659869,206682,47038,183209,10879,81506,987563,1201620,518.0,242.0
89,CA-609,San Bernardino City & County,2021,1595.0,905,2154741.0,7.4,2194710,1098508,1096202,1659921,206374,47910,187149,10992,82364,970025,1224685,559.0,236.0
90,CO-503,Metropolitan Denver,2007,1801.0,8698,2663141.0,25.4,38655,19912,18743,32528,2457,403,1203,44,2020,25101,13554,458.0,445.0
91,CO-503,Metropolitan Denver,2008,2001.0,8482,2708056.0,33.300000000000004,37601,19365,18236,31453,2374,475,1200,35,2064,24682,12919,457.0,419.0
92,CO-503,Metropolitan Denver,2009,1961.0,8752,2762022.0,54.1,36894,18974,17920,30251,2411,617,1247,47,2321,24110,12784,470.0,468.0
93,CO-503,Metropolitan Denver,2010,2252.0,8752,2755459.0,60.3,37900,19395,18505,30835,2438,667,1344,55,2561,24752,13148,378.0,442.0
94,CO-503,Metropolitan Denver,2011,2241.0,4809,2803450.0,56.8,2849630,1416511,1433119,2455243,157186,39403,114921,4470,78407,2222346,627284,479.0,476.0
95,CO-503,Metropolitan Denver,2012,2238.0,6358,2851856.0,51.8,2901835,1442970,1458865,2495480,160817,39763,119379,4750,81646,2262407,639428,455.0,548.0
96,CO-503,Metropolitan Denver,2013,1965.0,6316,2909259.0,43.5,2956699,1470898,1485801,2536885,164940,40632,123924,5014,85304,2304106,652593,483.0,488.0
97,CO-503,Metropolitan Denver,2014,2007.0,6621,2967039.0,32.2,3012373,1500179,1512194,2578938,169401,41231,129151,5199,88453,2345877,666496,490.0,516.0
98,CO-503,Metropolitan Denver,2015,2129.0,5335,3032191.0,24.1,3076359,1534225,1542134,2626848,173683,42262,135798,5450,92318,2394046,682313,454.0,526.0
99,CO-503,Metropolitan Denver,2016,2638.0,5728,3071260.0,20.1,3122473,1559059,1563414,2659806,177266,43020,141177,5698,95506,2427667,694806,495.0,554.0
100,CO-503,Metropolitan Denver,2017,4778.0,5506,3103825.0,17.1,3157413,1578315,1579098,2683331,179878,43941,145697,5937,98629,2451199,706214,517.0,578.0
101,CO-503,Metropolitan Denver,2018,3557.0,5317,3153243.0,19.8,3198896,1600006,1598890,2711138,183940,44723,151066,6158,101871,2479716,719180,538.0,639.0
102,CO-503,Metropolitan Denver,2019,3771.0,5755,3186140.0,16.9,3229413,1616320,1613093,2731798,186949,45571,153938,6394,104763,2500480,728933,552.0,620.0
103,CO-503,Metropolitan Denver,2020,4620.0,6104,3209417.0,47.1,3256313,1630685,1625628,2748864,189913,46105,157132,6633,107666,2518013,738300,835.0,609.0
104,CO-503,Metropolitan Denver,2021,5552.0,5530,3197826.0,35.9,3241942,1632919,1609023,2731336,190367,46245,157787,6920,109287,2498007,743935,1030.0,703.0
105,DC-500,District of Columbia,2007,3639.0,5320,559556.0,6.0,7735,4000,3735,2355,4955,23,112,6,284,6440,1295,61.0,36.0
106,DC-500,District of Columbia,2008,3116.0,6044,561869.0,6.8,7888,4036,3852,2450,4970,40,111,5,312,6559,1329,56.0,43.0
107,DC-500,District of Columbia,2009,3889.0,6228,570114.0,10.0,7515,3884,3631,2782,4181,40,151,9,352,6332,1183,26.0,29.0
108,DC-500,District of Columbia,2010,4832.0,6539,570954.0,10.0,7197,3669,3528,2776,3759,55,169,10,428,6192,1005,78.0,41.0
109,DC-500,District of Columbia,2011,5566.0,6546,584583.0,10.2,620290,293695,326595,263669,314236,3413,22884,862,15226,560614,59676,86.0,37.0
110,DC-500,District of Columbia,2012,6452.0,6954,598151.0,9.0,635737,301023,334714,273652,317686,3530,23929,960,15980,572788,62949,77.0,37.0
111,DC-500,District of Columbia,2013,6224.0,6865,611783.0,8.4,651559,309137,342422,282152,322616,3851,25104,1011,16825,584981,66578,102.0,38.0
112,DC-500,District of Columbia,2014,6414.0,7748,624323.0,7.7,663603,315215,348388,289837,325302,3966,26062,1051,17385,594283,69320,96.0,52.0
113,DC-500,District of Columbia,2015,5679.0,7298,638024.0,6.9,677014,321166,355848,298776,327506,4047,27585,1081,18019,604676,72338,125.0,34.0
114,DC-500,District of Columbia,2016,8863.0,8350,647652.0,6.2,687576,326511,361065,306130,328588,4177,28903,1111,18667,613167,74409,269.0,40.0
115,DC-500,District of Columbia,2017,8087.0,7473,660640.0,6.1,697079,330743,366336,313408,328809,4246,30145,1110,19361,620751,76328,310.0,47.0
116,DC-500,District of Columbia,2018,9959.0,6904,669029.0,5.6,704147,334326,369821,319355,328536,4264,30945,1138,19909,625930,78217,254.0,54.0
117,DC-500,District of Columbia,2019,9853.0,6521,673036.0,5.4,708253,335860,372393,324529,326019,4318,31697,1100,20590,628415,79838,311.0,44.0
118,DC-500,District of Columbia,2020,15267.0,6380,680439.0,8.0,712816,337932,374884,329706,324186,4240,32460,1089,21135,631701,81115,424.0,38.0
119,DC-500,District of Columbia,2021,16654.0,5111,637501.0,6.6,670050,318904,351146,307274,306925,4067,30342,1063,20379,593131,76919,450.0,46.0
120,FL-501,Tampa/Hillsborough County,2007,435.0,6483,1155062.0,3.4,16665,8628,8037,11278,3848,53,519,43,924,10483,6182,258.0,157.0
121,FL-501,Tampa/Hillsborough County,2008,440.0,6483,1162122.0,5.9,16592,8550,8042,10958,4001,61,544,50,978,10617,5975,246.0,164.0
122,FL-501,Tampa/Hillsborough County,2009,488.0,7473,1176593.0,9.8,15888,8139,7749,10568,3721,79,523,34,963,10298,5590,273.0,180.0
123,FL-501,Tampa/Hillsborough County,2010,682.0,7473,1212957.0,10.4,15877,8172,7705,10635,3624,80,533,29,976,10458,5419,263.0,145.0
124,FL-501,Tampa/Hillsborough County,2011,737.0,7336,1246958.0,9.6,1255639,614669,640970,952277,220106,6479,45915,1498,29364,937554,318085,245.0,165.0
125,FL-501,Tampa/Hillsborough County,2012,891.0,7419,1257060.0,8.1,1279861,624951,654910,970100,222805,6602,48151,1608,30595,949345,330516,190.0,166.0
126,FL-501,Tampa/Hillsborough County,2013,1176.0,1909,1269577.0,6.9,1304474,635991,668483,985672,227416,6678,50867,1730,32111,961088,343386,167.0,166.0
127,FL-501,Tampa/Hillsborough County,2014,1424.0,1944,1294850.0,6.0,1332742,649726,683016,1003712,233865,6896,53012,1805,33452,975649,357093,163.0,190.0
128,FL-501,Tampa/Hillsborough County,2015,1513.0,1931,1326696.0,5.1,1364645,665954,698691,1024082,240672,7047,55504,1851,35489,991569,373076,176.0,199.0
129,FL-501,Tampa/Hillsborough County,2016,1539.0,1817,1354074.0,4.5,1398093,682697,715396,1045361,247562,7222,58667,1893,37388,1006912,391181,227.0,164.0
130,FL-501,Tampa/Hillsborough County,2017,1625.0,1549,1387130.0,4.0,1428960,698819,730141,1063927,254497,7496,61931,1885,39224,1020070,408890,236.0,193.0
131,FL-501,Tampa/Hillsborough County,2018,1696.0,1795,1414755.0,3.5,1455351,712206,743145,1079685,260497,7671,64629,1909,40960,1030300,425051,271.0,216.0
132,FL-501,Tampa/Hillsborough County,2019,1669.0,1650,1448305.0,3.2,1476431,722696,753735,1090460,266794,7836,66784,1974,42583,1040438,435993,280.0,220.0
133,FL-501,Tampa/Hillsborough County,2020,1606.0,1452,1474357.0,7.7,1497957,733475,764482,1101802,273549,8049,68404,2038,44115,1049421,448536,493.0,188.0
134,FL-501,Tampa/Hillsborough County,2021,1734.0,870,1455877.0,4.3,1478194,727733,750461,1083063,272285,8052,67802,2082,44910,1030273,447921,535.0,209.0
135,GA-500,Atlanta,2007,1086.0,6840,11606.0,5.1,12976,6717,6259,5508,6252,67,738,7,404,11053,1923,101.0,79.0
136,GA-500,Atlanta,2008,1731.0,6840,11543.0,5.2,12838,6567,6271,5128,6287,62,851,12,498,11028,1810,116.0,70.0
137,GA-500,Atlanta,2009,1978.0,7019,11440.0,7.4,12110,6205,5905,4692,6209,74,696,7,432,10419,1691,81.0,90.0
138,GA-500,Atlanta,2010,2066.0,7019,12031.0,7.5,12605,6465,6140,5046,6299,64,697,8,491,10883,1722,110.0,100.0
139,GA-500,Atlanta,2011,2587.0,6805,12100.0,7.4,947582,461296,486286,444793,425722,3139,55908,483,17537,875082,72500,98.0,105.0
140,GA-500,Atlanta,2012,1523.0,6811,12122.0,6.9,973464,473742,499722,454762,436648,3226,59778,547,18503,900346,73118,95.0,111.0
141,GA-500,Atlanta,2013,1764.0,5536,12100.0,6.7,981844,476967,504877,456731,439251,3084,62995,571,19212,909330,72514,124.0,124.0
142,GA-500,Atlanta,2014,1677.0,4797,11935.0,5.7,992321,481525,510796,459590,443787,3067,65635,564,19678,920116,72205,140.0,105.0
143,GA-500,Atlanta,2015,2247.0,4317,11994.0,5.1,1005752,486746,519006,463464,449855,2959,68733,568,20173,933479,72273,146.0,89.0
144,GA-500,Atlanta,2016,2325.0,4063,11920.0,4.3,1023816,496134,527682,469897,456558,3030,72817,591,20923,950427,73389,162.0,113.0
145,GA-500,Atlanta,2017,1941.0,3572,11857.0,4.2,1039996,503642,536354,475306,463324,2921,76462,596,21387,965837,74159,164.0,127.0
146,GA-500,Atlanta,2018,1898.0,3076,12068.0,3.9,1051516,509273,542243,479036,467428,2911,79350,567,22224,976271,75245,170.0,125.0
147,GA-500,Atlanta,2019,2059.0,3217,12271.0,3.9,1065019,515023,549996,483516,472909,2921,82089,471,23113,988727,76292,155.0,117.0
148,GA-500,Atlanta,2020,1965.0,3240,12184.0,5.2,1077402,520579,556823,486057,479663,2972,84277,455,23978,999761,77641,205.0,106.0
149,GA-500,Atlanta,2021,2209.0,1996,11992.0,3.6,1065334,516655,548679,477965,476325,2963,83471,386,24224,987601,77733,283.0,146.0
150,IL-510,Chicago,2007,6510.0,5979,5195148.0,5.4,71162,36146,35016,45516,18789,199,4188,15,2455,45991,25171,518.0,389.0
151,IL-510,Chicago,2008,7409.0,5979,5193694.0,6.7,69487,35254,34233,44035,18282,190,4377,12,2591,45174,24313,544.0,422.0
152,IL-510,Chicago,2009,7688.0,6240,5185337.0,10.5,69174,35298,33876,43849,17605,598,4415,53,2654,44851,24323,530.0,403.0
153,IL-510,Chicago,2010,7982.0,6240,5115879.0,11.0,69138,35314,33824,43798,17373,731,4325,57,2854,44824,24314,488.0,395.0
154,IL-510,Chicago,2011,7828.0,6635,5130885.0,10.6,5219636,2527304,2692332,3434494,1306124,39648,346528,3838,89004,3956502,1263134,503.0,365.0
155,IL-510,Chicago,2012,8177.0,6710,5144225.0,9.7,5239105,2536984,2702121,3443645,1302933,39654,357613,3873,91387,3963635,1275470,615.0,450.0
156,IL-510,Chicago,2013,7960.0,6276,5152225.0,9.7,5252513,2544509,2708004,3449199,1296161,39397,369678,3872,94206,3966514,1285999,628.0,446.0
157,IL-510,Chicago,2014,8423.0,6287,5156535.0,7.6,5254108,2546443,2707665,3446472,1288510,39264,379384,3873,96605,3959271,1294837,622.0,453.0
158,IL-510,Chicago,2015,8164.0,6786,5151018.0,6.3,5243371,2542404,2700967,3434526,1279297,39196,387848,3843,98661,3941658,1301713,697.0,434.0
159,IL-510,Chicago,2016,9559.0,5889,5117078.0,6.2,5223386,2534363,2689023,3418620,1267198,38854,394143,3795,100776,3917038,1306348,1114.0,425.0
160,IL-510,Chicago,2017,9476.0,5657,5125439.0,5.1,5199582,2524099,2675483,3400330,1251668,38566,402770,3729,102519,3891551,1308031,1235.0,464.0
161,IL-510,Chicago,2018,10512.0,5450,5094765.0,4.2,5171007,2510637,2660370,3377117,1239247,38248,408133,3744,104518,3862041,1308966,1214.0,459.0
162,IL-510,Chicago,2019,10203.0,5290,5062586.0,3.9,5145326,2498446,2646880,3354894,1230039,38422,411985,3741,106245,3836051,1309275,1359.0,477.0
163,IL-510,Chicago,2020,10066.0,5390,5018074.0,10.4,5108284,2481079,2627205,3325506,1219493,38488,413443,3735,107619,3798745,1309539,1894.0,452.0
164,IL-510,Chicago,2021,9889.0,3725,5084194.0,7.0,5173146,2525814,2647332,3373515,1226143,39482,418482,3690,111834,3826562,1346584,1996.0,496.0
165,MA-500,Boston,2007,3226.0,5104,682732.0,4.5,8743,4389,4354,4559,3163,55,491,16,459,6139,2604,136.0,42.0
166,MA-500,Boston,2008,3594.0,5198,693777.0,5.2,8955,4529,4426,4693,3225,67,482,16,472,6332,2623,97.0,40.0
167,MA-500,Boston,2009,3890.0,5101,715609.0,7.7,8779,4490,4289,4974,2726,85,502,16,476,6197,2582,126.0,47.0
168,MA-500,Boston,2010,4427.0,5139,680724.0,7.4,8677,4444,4233,5083,2465,86,524,15,504,6102,2575,83.0,54.0
169,MA-500,Boston,2011,4675.0,5476,688818.0,6.6,737285,355153,382132,465052,182156,5507,63790,1148,19632,586205,151080,98.0,53.0
170,MA-500,Boston,2012,5232.0,5607,699982.0,6.2,751371,363044,388327,471152,186743,5664,65671,1185,20956,593845,157526,99.0,44.0
171,MA-500,Boston,2013,5814.0,5881,710490.0,6.1,762863,368605,394258,476223,190394,5858,66988,1268,22132,599543,163320,128.0,48.0
172,MA-500,Boston,2014,6042.0,5987,722372.0,5.3,774113,374407,399706,480451,194136,5988,68713,1289,23536,605074,169039,131.0,36.0
173,MA-500,Boston,2015,6432.0,6492,733077.0,4.4,783177,378773,404404,484612,196303,6033,69896,1322,25011,608918,174259,189.0,47.0
174,MA-500,Boston,2016,7894.0,6240,738829.0,3.7,793020,383513,409507,488826,198380,6062,71922,1348,26482,614492,178528,258.0,50.0
175,MA-500,Boston,2017,7934.0,6135,752328.0,3.5,801269,387322,413947,492879,199124,6033,73974,1342,27917,618686,182583,275.0,35.0
176,MA-500,Boston,2018,7582.0,6188,761710.0,3.1,804023,387683,416340,494829,198319,6081,74547,1328,28919,619044,184979,233.0,62.0
177,MA-500,Boston,2019,9481.0,6242,757779.0,2.8,805915,388735,417180,496554,196569,6142,75687,1282,29681,619777,186138,248.0,52.0
178,MA-500,Boston,2020,9589.0,6134,753594.0,10.3,801582,386458,415124,494074,193811,6096,76183,1256,30162,614822,186760,310.0,48.0
179,MA-500,Boston,2021,8576.0,4548,723908.0,6.0,771245,372309,398936,472598,188427,5983,73500,1243,29494,587719,183526,337.0,53.0
180,MI-501,Detroit,2007,1722.0,18062,1956269.0,8.4,25315,12834,12481,12227,11042,55,1036,36,919,22843,2472,279.0,177.0
181,MI-501,Detroit,2008,1793.0,18062,1922204.0,9.7,24589,12491,12098,12027,10621,53,944,15,929,22024,2565,269.0,202.0
182,MI-501,Detroit,2009,2573.0,3694,1896719.0,15.4,23373,11860,11513,11095,10401,93,785,5,994,20975,2398,306.0,192.0
183,MI-501,Detroit,2010,2733.0,2812,1795437.0,15.0,23370,11857,11513,10782,10507,99,758,5,1219,21125,2245,272.0,196.0
184,MI-501,Detroit,2011,4473.0,3138,1782027.0,12.5,1803003,866140,936863,978882,728341,8183,48504,428,38665,1707011,95992,278.0,205.0
185,MI-501,Detroit,2012,1797.0,3115,1772920.0,11.7,1795797,862986,932811,978499,718714,8280,50392,426,39486,1697745,98052,296.0,196.0
186,MI-501,Detroit,2013,2120.0,2789,1754598.0,11.4,1780131,855299,924832,972247,706582,8201,52421,414,40266,1681223,98908,386.0,211.0
187,MI-501,Detroit,2014,2507.0,2755,1744873.0,9.6,1771626,851846,919780,968895,698742,8246,54443,390,40910,1671653,99973,457.0,217.0
188,MI-501,Detroit,2015,4986.0,2597,1739083.0,6.8,1764866,848840,916026,964672,693268,8245,56335,376,41970,1663712,101154,577.0,201.0
189,MI-501,Detroit,2016,5282.0,2335,1729412.0,6.2,1760835,847808,913027,962951,687587,8204,58820,368,42905,1658113,102722,674.0,210.0
190,MI-501,Detroit,2017,7514.0,2078,1732477.0,5.5,1757874,846683,911191,960944,683779,8277,60603,378,43893,1653473,104401,756.0,203.0
191,MI-501,Detroit,2018,3006.0,1769,1734047.0,5.2,1755868,845721,910147,959025,681244,8320,61693,380,45206,1649619,106249,775.0,225.0
192,MI-501,Detroit,2019,2941.0,1965,1729805.0,5.0,1750093,842732,907361,954681,678508,8219,61864,397,46424,1642169,107924,756.0,211.0
193,MI-501,Detroit,2020,2855.0,1589,1721722.0,13.5,1740623,837721,902902,948590,673978,8165,61912,365,47613,1631561,109062,804.0,218.0
194,MI-501,Detroit,2021,2947.0,1293,1756041.0,8.0,1774816,859218,915598,970289,682152,8533,63558,245,50039,1660196,114620,911.0,220.0
195,NV-500,Las Vegas/Clark County,2007,962.0,7533,1814229.0,4.6,29115,14829,14286,21026,3455,374,1534,255,2471,16588,12527,376.0,328.0
196,NV-500,Las Vegas/Clark County,2008,1407.0,7533,1845854.0,6.8,28527,14642,13885,20249,3520,302,1625,255,2576,16448,12079,364.0,348.0
197,NV-500,Las Vegas/Clark County,2009,1369.0,9949,1880847.0,11.9,27696,14090,13606,19457,3333,341,1698,236,2631,15817,11879,395.0,336.0
198,NV-500,Las Vegas/Clark County,2010,1399.0,9949,1931061.0,14.0,27087,13843,13244,18921,3218,353,1748,233,2614,15433,11654,390.0,376.0
199,NV-500,Las Vegas/Clark County,2011,1729.0,8003,1946162.0,13.5,1962162,985526,976636,1444666,219513,22597,180694,15927,78765,1383694,578468,456.0,330.0
200,NV-500,Las Vegas/Clark County,2012,1804.0,7323,1975308.0,11.7,1989644,998851,990793,1455351,227005,23046,185957,16207,82078,1399001,590643,424.0,368.0
201,NV-500,Las Vegas/Clark County,2013,2032.0,5952,2002784.0,10.0,2017798,1011520,1006278,1466708,232376,23351,193037,16798,85528,1412827,604971,441.0,350.0
202,NV-500,Las Vegas/Clark County,2014,2167.0,7443,2045642.0,8.2,2053929,1028127,1025802,1482373,240501,23999,200125,17235,89696,1433446,620483,403.0,369.0
203,NV-500,Las Vegas/Clark County,2015,1942.0,7509,2089026.0,6.9,2097832,1048791,1049041,1501661,251575,24762,207783,17774,94277,1457718,640114,439.0,374.0
204,NV-500,Las Vegas/Clark County,2016,2066.0,6208,2128461.0,5.9,2140240,1069022,1071218,1517935,263625,25455,215257,18648,99320,1481671,658569,479.0,419.0
205,NV-500,Las Vegas/Clark County,2017,2440.0,6490,2176532.0,5.2,2183273,1089565,1093708,1533787,276367,26197,222981,19385,104556,1506060,677213,464.0,433.0
206,NV-500,Las Vegas/Clark County,2018,2593.0,6083,2205093.0,4.6,2228970,1111829,1117141,1553938,288360,27067,229774,20175,109656,1531847,697123,491.0,465.0
207,NV-500,Las Vegas/Clark County,2019,2515.0,5530,2239723.0,4.2,2275884,1134237,1141647,1574433,298891,28000,238433,21020,115107,1557841,718043,445.0,419.0
208,NV-500,Las Vegas/Clark County,2020,2317.0,5283,2289768.0,15.5,2315963,1153732,1162231,1590696,307805,28734,247040,21654,120034,1579140,736823,605.0,395.0
209,NV-500,Las Vegas/Clark County,2021,2283.0,5083,2266809.0,8.3,2292476,1147762,1144714,1558762,312095,28823,248779,21903,122114,1551173,741303,670.0,440.0
210,NY-600,New York City,2007,20369.0,50372,8128959.0,24.8,113145,57915,55230,58557,34444,554,14232,153,5205,74130,39015,753.0,470.0
211,NY-600,New York City,2008,22187.0,50261,8216098.0,28.5,114491,58568,55923,60587,32351,926,15128,153,5346,75666,38825,648.0,464.0
212,NY-600,New York City,2009,24117.0,49343,8244056.0,46.9,111609,57365,54244,60871,30429,1609,13122,250,5328,73130,38479,625.0,460.0
213,NY-600,New York City,2010,24270.0,53187,8040679.0,48.8,108956,55809,53147,58407,30958,1996,12107,243,5245,71447,37509,591.0,478.0
214,NY-600,New York City,2011,27449.0,51123,8100462.0,46.8,8272864,3932652,4340212,4441136,2357925,120325,1121873,17189,214416,5898647,2374217,674.0,497.0
215,NY-600,New York City,2012,18599.0,56672,8195788.0,48.5,8346715,3970923,4375792,4469787,2365231,122037,1151034,17407,221219,5942210,2404505,778.0,530.0
216,NY-600,New York City,2013,19599.0,64060,8259896.0,45.1,8396207,3997141,4399066,4480996,2372500,122823,1174634,17583,227671,5971679,2424528,785.0,533.0
217,NY-600,New York City,2014,21813.0,67810,8344228.0,36.4,8433867,4016164,4417703,4486337,2371848,123236,1201149,17729,233568,5996397,2437470,765.0,527.0
218,NY-600,New York City,2015,26722.0,75323,8405504.0,28.8,8463157,4033377,4429780,4485529,2368950,123277,1227831,17763,239807,6015021,2448136,887.0,523.0
219,NY-600,New York City,2016,28640.0,73523,8390346.0,26.6,8468954,4039386,4429568,4472158,2359727,123493,1250381,17891,245304,6018620,2450334,1326.0,516.0
220,NY-600,New York City,2017,28078.0,76501,8477576.0,23.3,8437695,4025624,4412071,4443722,2341047,122690,1263489,18006,248741,5998116,2439579,1395.0,556.0
221,NY-600,New York City,2018,29266.0,78676,8253472.0,21.1,8396614,4007214,4389400,4416702,2319132,121796,1268594,18044,252346,5968106,2428508,1365.0,545.0
222,NY-600,New York City,2019,32150.0,78604,8183087.0,19.7,8342925,3981873,4361052,4379326,2297030,121087,1272295,17926,255261,5932623,2410302,1456.0,527.0
223,NY-600,New York City,2020,34119.0,77943,8108939.0,61.6,8253213,3937304,4315909,4316519,2271989,120159,1269673,17795,257078,5862506,2390707,1966.0,523.0
224,NY-600,New York City,2021,34884.0,68358,8315953.0,49.6,8467513,4064170,4403343,4412445,2332865,124992,1311381,18296,267534,6003393,2464120,2540.0,533.0
225,PA-500,Philadelphia,2007,5961.0,7640,1397787.0,6.3,21307,10768,10539,6184,12145,248,1502,118,1110,16859,4448,356.0,134.0
226,PA-500,Philadelphia,2008,5426.0,6871,1394536.0,7.1,21446,10791,10655,6148,12144,284,1486,163,1221,16916,4530,383.0,178.0
227,PA-500,Philadelphia,2009,3988.0,6304,1494227.0,9.7,21416,10975,10441,7331,11189,237,1364,80,1215,17003,4413,351.0,153.0
228,PA-500,Philadelphia,2010,4204.0,6084,1478501.0,10.3,21085,10731,10354,7933,10473,236,1294,42,1107,17058,4027,342.0,146.0
229,PA-500,Philadelphia,2011,4732.0,6180,1487011.0,10.5,1540615,727164,813451,698736,688754,12426,103623,2015,35061,1344403,196212,436.0,167.0
230,PA-500,Philadelphia,2012,4840.0,5780,1498157.0,10.6,1552087,733021,819066,701539,693080,12611,106394,2087,36376,1348770,203317,460.0,172.0
231,PA-500,Philadelphia,2013,5409.0,5645,1502340.0,10.0,1558713,736718,821995,700806,695636,12973,109496,2203,37599,1349628,209085,402.0,156.0
232,PA-500,Philadelphia,2014,5502.0,5738,1509769.0,8.2,1565949,740475,825474,701946,697146,13201,112348,2308,39000,1350188,215761,516.0,164.0
233,PA-500,Philadelphia,2015,5808.0,5998,1517222.0,7.2,1571679,743429,828250,702301,698440,13515,114823,2447,40153,1350145,221534,568.0,163.0
234,PA-500,Philadelphia,2016,6046.0,6112,1517920.0,6.7,1576604,746448,830156,703709,698119,13653,117328,2541,41254,1349476,227128,746.0,149.0
235,PA-500,Philadelphia,2017,6179.0,5693,1531792.0,6.3,1581699,748615,833084,705516,697220,13854,120125,2616,42368,1348262,233437,1047.0,163.0
236,PA-500,Philadelphia,2018,4926.0,5788,1533931.0,5.8,1586422,751212,835210,706957,696392,14138,122553,2762,43620,1345658,240764,950.0,160.0
237,PA-500,Philadelphia,2019,4991.0,5735,1533752.0,5.7,1584439,750076,834363,706202,692815,14268,123862,2834,44458,1341058,243381,1005.0,169.0
238,PA-500,Philadelphia,2020,5131.0,5634,1530489.0,12.4,1578487,747016,831471,704367,686918,14405,124711,2834,45252,1332640,245847,1114.0,167.0
239,PA-500,Philadelphia,2021,5347.0,4302,1528797.0,9.2,1576251,749447,826804,699767,686917,14681,125715,2760,46411,1325766,250485,1174.0,183.0
240,TX-503,Austin/Travis County,2007,254.0,5281,953213.0,3.7,15299,7755,7544,12213,1459,90,842,16,679,7757,7542,98.0,108.0
241,TX-503,Austin/Travis County,2008,374.0,3451,977499.0,4.2,15406,7843,7563,12319,1425,81,840,17,724,7800,7606,80.0,104.0
242,TX-503,Austin/Travis County,2009,453.0,2641,1005242.0,6.7,15417,7914,7503,12184,1412,235,839,17,730,7683,7734,118.0,113.0
243,TX-503,Austin/Travis County,2010,540.0,2087,1008618.0,6.8,15544,7963,7581,12249,1426,285,835,16,733,7826,7718,120.0,127.0
244,TX-503,Austin/Travis County,2011,871.0,2362,1040890.0,6.6,1061662,535066,526596,862304,94669,14645,64609,1170,24265,704766,356896,154.0,107.0
245,TX-503,Austin/Travis County,2012,957.0,2244,1073169.0,5.5,1096918,552429,544489,888894,98321,14885,68069,1212,25537,727655,369263,156.0,142.0
246,TX-503,Austin/Travis County,2013,1035.0,2090,1098400.0,5.1,1122346,565344,557002,908058,100430,14971,71130,1271,26486,743148,379198,156.0,138.0
247,TX-503,Austin/Travis County,2014,1032.0,1987,1128678.0,4.1,1152411,580509,571902,929490,103130,14941,75487,1339,28024,763310,389101,131.0,141.0
248,TX-503,Austin/Travis County,2015,1132.0,1832,1154396.0,3.3,1180003,594999,585004,948965,105285,15000,79847,1384,29522,781262,398741,137.0,159.0
249,TX-503,Austin/Travis County,2016,1350.0,2138,1177093.0,3.2,1206283,609022,597261,967157,107652,15086,84050,1411,30927,798765,407518,147.0,134.0
250,TX-503,Austin/Travis County,2017,1299.0,2036,1204389.0,3.1,1227373,619889,607484,981235,109558,15305,87940,1459,31876,813413,413960,146.0,164.0
251,TX-503,Austin/Travis County,2018,1281.0,2147,1226556.0,2.9,1246693,630111,616582,993836,111615,15371,91088,1523,33260,827082,419611,162.0,157.0
252,TX-503,Austin/Travis County,2019,1273.0,2255,1251336.0,2.6,1273567,643306,630261,1011932,114587,15577,95509,1623,34339,846834,426733,165.0,167.0
253,TX-503,Austin/Travis County,2020,1351.0,2506,1278304.0,6.4,1300503,656936,643567,1029364,117789,15682,100067,1666,35935,867144,433359,216.0,159.0
254,TX-503,Austin/Travis County,2021,1448.0,2954,1283902.0,4.0,1305154,662846,642308,1029295,118509,15724,102935,1726,36965,869717,435437,269.0,198.0
255,TX-700,"Houston, Pasadena, Conroe/Harris, Ft. Bend, Montgomery",2007,1395.0,10363,4798915.0,12.3,82391,41990,40401,59522,15120,362,4832,99,2456,41153,41238,590.0,466.0
256,TX-700,"Houston, Pasadena, Conroe/Harris, Ft. Bend, Montgomery",2008,1911.0,10363,4891584.0,13.3,83782,42594,41188,60467,15025,429,5143,95,2623,41440,42342,359.0,483.0
257,TX-700,"Houston, Pasadena, Conroe/Harris, Ft. Bend, Montgomery",2009,1524.0,7576,5020176.0,21.5,84297,43043,41254,60335,15071,1031,5066,118,2676,41612,42685,503.0,565.0
258,TX-700,"Houston, Pasadena, Conroe/Harris, Ft. Bend, Montgomery",2010,1729.0,6368,5102158.0,23.6,83637,42735,40902,59534,15076,1206,4960,124,2737,41150,42487,518.0,521.0
259,TX-700,"Houston, Pasadena, Conroe/Harris, Ft. Bend, Montgomery",2011,3002.0,8471,5201666.0,22.7,5256714,2609236,2647478,3750724,967700,55647,392299,6287,84057,3290896,1965818,469.0,553.0
260,TX-700,"Houston, Pasadena, Conroe/Harris, Ft. Bend, Montgomery",2012,3066.0,7187,5307124.0,18.4,5371913,2666123,2705790,3819861,989746,56301,410941,6353,88711,3354936,2016977,432.0,535.0
261,TX-700,"Houston, Pasadena, Conroe/Harris, Ft. Bend, Montgomery",2013,3242.0,6359,5430373.0,17.1,5502677,2731875,2770802,3898529,1013594,57386,432887,6495,93786,3429507,2073170,496.0,535.0
262,TX-700,"Houston, Pasadena, Conroe/Harris, Ft. Bend, Montgomery",2014,3676.0,5308,5586712.0,14.2,5656190,2808508,2847682,3988684,1043327,58328,459488,6590,99773,3520845,2135345,482.0,561.0
263,TX-700,"Houston, Pasadena, Conroe/Harris, Ft. Bend, Montgomery",2015,3772.0,4609,5730616.0,13.3,5807732,2884331,2923401,4076360,1073679,59465,485742,6746,105740,3603705,2204027,553.0,633.0
264,TX-700,"Houston, Pasadena, Conroe/Harris, Ft. Bend, Montgomery",2016,4818.0,4031,5825603.0,15.2,5922663,2940139,2982524,4140037,1098901,60386,506256,6776,110307,3657513,2265150,640.0,653.0
265,TX-700,"Houston, Pasadena, Conroe/Harris, Ft. Bend, Montgomery",2017,5852.0,3605,5925717.0,14.2,5995598,2973651,3021947,4174046,1118456,61116,521580,6770,113630,3683191,2312407,675.0,656.0
266,TX-700,"Houston, Pasadena, Conroe/Harris, Ft. Bend, Montgomery",2018,5875.0,4143,6014720.0,12.2,6056309,3001152,3055157,4199632,1138663,61780,532242,6809,117183,3702692,2353617,717.0,668.0
267,TX-700,"Houston, Pasadena, Conroe/Harris, Ft. Bend, Montgomery",2019,5519.0,3938,6068524.0,10.8,6129563,3035567,3093996,4236320,1158199,62688,544383,7031,120942,3728706,2400857,757.0,691.0
268,TX-700,"Houston, Pasadena, Conroe/Harris, Ft. Bend, Montgomery",2020,6103.0,3974,6139120.0,24.1,6204310,3071538,3132772,4272725,1179739,64032,555457,7131,125226,3756717,2447593,1081.0,720.0
269,TX-700,"Houston, Pasadena, Conroe/Harris, Ft. Bend, Montgomery",2021,6057.0,3047,6175396.0,18.2,6235443,3099788,3135655,4282322,1192696,65301,559063,7237,128824,3747884,2487559,1278.0,766.0
270,WA-500,Seattle/King,2007,2775.0,7902,1829115.0,3.1,24683,12663,12020,15319,2402,500,3495,245,2722,20357,4326,258.0,218.0
271,WA-500,Seattle/King,2008,2912.0,8501,1847044.0,3.8,24733,12634,12099,15116,2364,530,3593,264,2866,20271,4462,245.0,204.0
272,WA-500,Seattle/King,2009,3089.0,8952,1885857.0,7.0,25054,12863,12191,15493,2233,364,3706,277,2981,20650,4404,239.0,227.0
273,WA-500,Seattle/King,2010,3382.0,9022,1910659.0,8.4,24674,12598,12076,15349,2009,307,3582,285,3142,20521,4153,246.0,228.0
274,WA-500,Seattle/King,2011,4059.0,8972,1939640.0,7.5,1974499,982634,991865,1414377,128651,20733,302723,15657,92358,1796716,177783,236.0,248.0
275,WA-500,Seattle/King,2012,4225.0,8899,1978217.0,6.3,2011708,1001535,1010173,1429553,132606,21204,316319,16068,95958,1828765,182943,261.0,271.0
276,WA-500,Seattle/King,2013,4365.0,9106,2015022.0,4.4,2047967,1021099,1026868,1443868,135801,21765,330226,16641,99666,1858948,189019,282.0,255.0
277,WA-500,Seattle/King,2014,4687.0,8949,2050488.0,4.5,2086174,1041152,1045022,1456473,138729,22078,348382,17021,103491,1891667,194507,300.0,268.0
278,WA-500,Seattle/King,2015,6095.0,10122,2087764.0,4.1,2127372,1063251,1064121,1470752,142289,22249,367220,17507,107355,1927375,199997,285.0,252.0
279,WA-500,Seattle/King,2016,6259.0,10730,2120859.0,3.8,2167863,1085496,1082367,1483394,145643,22452,386670,18069,111635,1960548,207315,308.0,264.0
280,WA-500,Seattle/King,2017,7555.0,11643,2159702.0,3.6,2205001,1105832,1099169,1489973,149967,22704,408614,18305,115438,1991092,213909,335.0,269.0
281,WA-500,Seattle/King,2018,7561.0,12112,2203349.0,3.3,2228488,1119197,1109291,1486593,153905,22665,428450,18389,118486,2009856,218632,368.0,309.0
282,WA-500,Seattle/King,2019,7718.0,11199,2220662.0,2.7,2249653,1131500,1118153,1483604,157816,22776,445799,18559,121099,2025362,224291,414.0,320.0
283,WA-500,Seattle/King,2020,7980.0,11751,2241008.0,7.8,2274315,1145520,1128795,1482855,161627,22837,464002,18900,124094,2044645,229670,495.0,263.0
284,WA-500,Seattle/King,2021,7860.0,5183,2220605.0,4.3,2252305,1141102,1111203,1450858,162529,23024,471332,18840,125722,2020561,231744,667.0,295.0
